{"users":{"6285731699445@s.whatsapp.net":{"banned":false,"banTemp":false,"premium":false,"expired":0,"limit":50,"point":0,"hit":1,"lastclaim":0,"lastseen":1632651040397,"usebot":1632651040397,"spam":0,"warning":0,"banTem":0},"972523888815@s.whatsapp.net":{"banned":false,"banTemp":false,"premium":false,"expired":0,"limit":50,"point":0,"hit":0,"lastclaim":0,"lastseen":1632654414456,"usebot":0,"spam":0,"warning":0},"6285871814435@s.whatsapp.net":{"banned":false,"banTemp":false,"premium":false,"expired":0,"limit":50,"point":0,"hit":0,"lastclaim":0,"lastseen":1632656219583,"usebot":0,"spam":0,"warning":0,"banTem":0},"6283139158819@s.whatsapp.net":{"banned":false,"banTemp":false,"premium":false,"expired":0,"limit":50,"point":0,"hit":0,"lastclaim":0,"lastseen":1632657952120,"usebot":0,"spam":0,"warning":0,"banTem":0},"6282229822916@s.whatsapp.net":{"banned":false,"banTemp":false,"premium":false,"expired":0,"limit":50,"point":0,"hit":0,"lastclaim":0,"lastseen":1632654823013,"usebot":0,"spam":0,"warning":0,"banTem":0},"6283117523838@s.whatsapp.net":{"banned":false,"banTemp":false,"premium":false,"expired":0,"limit":50,"point":0,"hit":9,"lastclaim":0,"lastseen":1632658738398,"usebot":1632658725188,"spam":0,"warning":0,"banTem":0},"62812323586273@s.whatsapp.net":{"banned":false,"banTemp":false,"premium":false,"expired":0,"limit":50,"point":0,"hit":0,"lastclaim":0,"lastseen":1632658854477,"usebot":0,"spam":0,"warning":0,"banTem":0},"6282334362101@s.whatsapp.net":{"banned":false,"banTemp":false,"premium":false,"expired":0,"limit":50,"point":0,"hit":0,"lastclaim":0,"lastseen":1632649992807,"usebot":0,"spam":0,"warning":0,"banTem":0},"6289509252820@s.whatsapp.net":{"banned":false,"banTemp":false,"premium":false,"expired":0,"limit":50,"point":0,"hit":0,"lastclaim":0,"lastseen":1632653788636,"usebot":0,"spam":0,"warning":0,"banTem":0},"6281906792033@s.whatsapp.net":{"banned":false,"banTemp":false,"premium":false,"expired":0,"limit":50,"point":0,"hit":0,"lastclaim":0,"lastseen":1632650039502,"usebot":0,"spam":0,"warning":0,"banTem":0},"6285693873835@s.whatsapp.net":{"banned":false,"banTemp":false,"premium":false,"expired":0,"limit":50,"point":0,"hit":15,"lastclaim":0,"lastseen":1632656021363,"usebot":1632656021363,"spam":0,"warning":0,"banTem":0},"6282143960751@s.whatsapp.net":{"banned":false,"banTemp":false,"premium":false,"expired":0,"limit":50,"point":0,"hit":0,"lastclaim":0,"lastseen":1632658316556,"usebot":0,"spam":0,"warning":0,"banTem":0},"6285256756817@s.whatsapp.net":{"banned":false,"banTemp":false,"premium":false,"expired":0,"limit":50,"point":0,"hit":0,"lastclaim":0,"lastseen":1632657999467,"usebot":0,"spam":0,"warning":0,"banTem":0},"6289649279529@s.whatsapp.net":{"banned":false,"banTemp":false,"premium":false,"expired":0,"limit":50,"point":0,"hit":3,"lastclaim":0,"lastseen":1632650353491,"usebot":1632650353491,"spam":0,"warning":0,"banTem":0},"6283872898929@s.whatsapp.net":{"banned":false,"banTemp":false,"premium":false,"expired":0,"limit":50,"point":0,"hit":0,"lastclaim":0,"lastseen":1632658717841,"usebot":0,"spam":0,"warning":0},"6285856408620@s.whatsapp.net":{"banned":false,"banTemp":false,"premium":false,"expired":0,"limit":50,"point":0,"hit":0,"lastclaim":0,"lastseen":1632657881371,"usebot":0,"spam":0,"warning":0},"6285856408596@s.whatsapp.net":{"banned":false,"banTemp":false,"premium":false,"expired":0,"limit":50,"point":0,"hit":8,"lastclaim":0,"lastseen":1632658716521,"usebot":1632658716522,"spam":0,"warning":0,"banTem":0},"6282293963794@s.whatsapp.net":{"banned":false,"banTemp":false,"premium":false,"expired":0,"limit":50,"point":0,"hit":0,"lastclaim":0,"lastseen":1632653617173,"usebot":0,"spam":0,"warning":0,"banTem":0},"601165695280@s.whatsapp.net":{"banned":false,"banTemp":false,"premium":false,"expired":0,"limit":50,"point":0,"hit":0,"lastclaim":0,"lastseen":1632650540457,"usebot":0,"spam":0,"warning":0,"banTem":0},"6283853152230@s.whatsapp.net":{"banned":false,"banTemp":false,"premium":false,"expired":0,"limit":50,"point":0,"hit":5,"lastclaim":0,"lastseen":1632658688333,"usebot":1632658688333,"spam":0,"warning":0,"banTem":0},"994401475634@s.whatsapp.net":{"banned":false,"banTemp":false,"premium":false,"expired":0,"limit":50,"point":0,"hit":0,"lastclaim":0,"lastseen":1632652801339,"usebot":0,"spam":0,"warning":0,"banTem":0},"6282320687927@s.whatsapp.net":{"banned":false,"banTemp":false,"premium":false,"expired":0,"limit":50,"point":0,"hit":0,"lastclaim":0,"lastseen":1632653850857,"usebot":0,"spam":0,"warning":0,"banTem":0},"60146042003@s.whatsapp.net":{"banned":false,"banTemp":false,"premium":false,"expired":0,"limit":50,"point":0,"hit":0,"lastclaim":0,"lastseen":1632658875880,"usebot":0,"spam":0,"warning":0,"banTem":0},"6285363321394@s.whatsapp.net":{"banned":false,"banTemp":false,"premium":false,"expired":0,"limit":50,"point":0,"hit":0,"lastclaim":0,"lastseen":1632652363935,"usebot":0,"spam":0,"warning":0,"banTem":0},"18122273270@s.whatsapp.net":{"banned":false,"banTemp":false,"premium":false,"expired":0,"limit":50,"point":0,"hit":0,"lastclaim":0,"lastseen":1632658630164,"usebot":0,"spam":0,"warning":0},"6281232358627@s.whatsapp.net":{"banned":false,"banTemp":false,"premium":false,"expired":0,"limit":50,"point":0,"hit":0,"lastclaim":0,"lastseen":1632653460811,"usebot":0,"spam":0,"warning":0},"62813345116361@s.whatsapp.net":{"banned":false,"banTemp":false,"premium":false,"expired":0,"limit":50,"point":0,"hit":0,"lastclaim":0,"lastseen":1632657450697,"usebot":0,"spam":0,"warning":0},"6283169413295@s.whatsapp.net":{"banned":false,"banTemp":false,"premium":false,"expired":0,"limit":50,"point":0,"hit":0,"lastclaim":0,"lastseen":1632652909110,"usebot":0,"spam":0,"warning":0,"banTem":0},"6285654146837@s.whatsapp.net":{"banned":false,"banTemp":false,"premium":false,"expired":0,"limit":50,"point":0,"hit":0,"lastclaim":0,"lastseen":1632651131272,"usebot":0,"spam":0,"warning":0,"banTem":0},"6283804191391@s.whatsapp.net":{"banned":false,"banTemp":false,"premium":false,"expired":0,"limit":50,"point":0,"hit":0,"lastclaim":0,"lastseen":1632651340908,"usebot":0,"spam":0,"warning":0,"banTem":0},"6281336990737@s.whatsapp.net":{"banned":false,"banTemp":false,"premium":false,"expired":0,"limit":50,"point":0,"hit":0,"lastclaim":0,"lastseen":1632655706566,"usebot":0,"spam":0,"warning":0},"972523475220@s.whatsapp.net":{"banned":false,"banTemp":false,"premium":false,"expired":0,"limit":50,"point":0,"hit":0,"lastclaim":0,"lastseen":1632651341701,"usebot":0,"spam":0,"warning":0},"6285262317166@s.whatsapp.net":{"banned":false,"banTemp":false,"premium":false,"expired":0,"limit":50,"point":0,"hit":0,"lastclaim":0,"lastseen":1632657067326,"usebot":0,"spam":0,"warning":0},"62895707974422@s.whatsapp.net":{"banned":false,"banTemp":false,"premium":false,"expired":0,"limit":50,"point":0,"hit":0,"lastclaim":0,"lastseen":1632656407358,"usebot":0,"spam":0,"warning":0,"banTem":0},"6285862937573@s.whatsapp.net":{"banned":false,"banTemp":false,"premium":false,"expired":0,"limit":50,"point":0,"hit":0,"lastclaim":0,"lastseen":1632651515108,"usebot":0,"spam":0,"warning":0,"banTem":0},"6282351838434@s.whatsapp.net":{"banned":false,"banTemp":false,"premium":false,"expired":0,"limit":49,"point":0,"hit":1,"lastclaim":0,"lastseen":1632651535247,"usebot":1632651535247,"spam":0,"warning":0,"banTem":0},"994406631981@s.whatsapp.net":{"banned":false,"banTemp":false,"premium":false,"expired":0,"limit":50,"point":0,"hit":0,"lastclaim":0,"lastseen":1632658658996,"usebot":0,"spam":0,"warning":0},"60143936773@s.whatsapp.net":{"banned":false,"banTemp":false,"premium":false,"expired":0,"limit":50,"point":0,"hit":0,"lastclaim":0,"lastseen":1632651648636,"usebot":0,"spam":0,"warning":0,"banTem":0},"6281915620519@s.whatsapp.net":{"banned":false,"banTemp":false,"premium":false,"expired":0,"limit":50,"point":0,"hit":1,"lastclaim":0,"lastseen":1632651667476,"usebot":1632651667476,"spam":0,"warning":0,"banTem":0},"6281335030084@s.whatsapp.net":{"banned":false,"banTemp":false,"premium":false,"expired":0,"limit":50,"point":0,"hit":0,"lastclaim":0,"lastseen":1632658439410,"usebot":0,"spam":0,"warning":0,"banTem":0},"6282253143807@s.whatsapp.net":{"banned":false,"banTemp":false,"premium":false,"expired":0,"limit":50,"point":0,"hit":1,"lastclaim":0,"lastseen":1632651902392,"usebot":1632651902392,"spam":0,"warning":0,"banTem":0},"6281242810443@s.whatsapp.net":{"banned":false,"banTemp":false,"premium":false,"expired":0,"limit":50,"point":0,"hit":0,"lastclaim":0,"lastseen":1632651949856,"usebot":0,"spam":0,"warning":0,"banTem":0},"6281543485350@s.whatsapp.net":{"banned":false,"banTemp":false,"premium":false,"expired":0,"limit":50,"point":0,"hit":0,"lastclaim":0,"lastseen":1632652061241,"usebot":0,"spam":0,"warning":0,"banTem":0},"6282269951030@s.whatsapp.net":{"banned":false,"banTemp":false,"premium":false,"expired":0,"limit":50,"point":0,"hit":0,"lastclaim":0,"lastseen":1632658901094,"usebot":0,"spam":0,"warning":0,"banTem":0},"601111036050@s.whatsapp.net":{"banned":false,"banTemp":false,"premium":false,"expired":0,"limit":50,"point":0,"hit":0,"lastclaim":0,"lastseen":1632654806211,"usebot":0,"spam":0,"warning":0,"banTem":0},"6281326375465@s.whatsapp.net":{"banned":false,"banTemp":false,"premium":false,"expired":0,"limit":55,"point":100,"hit":4,"lastclaim":1632655093771,"lastseen":1632655103622,"usebot":1632655093767,"spam":0,"warning":0,"banTem":0},"6283194796562@s.whatsapp.net":{"banned":false,"banTemp":false,"premium":false,"expired":0,"limit":48,"point":0,"hit":4,"lastclaim":0,"lastseen":1632654457374,"usebot":1632654457374,"spam":0,"warning":0,"banTem":0},"60137266487@s.whatsapp.net":{"banned":false,"banTemp":false,"premium":false,"expired":0,"limit":50,"point":0,"hit":0,"lastclaim":0,"lastseen":1632652230886,"usebot":0,"spam":0,"warning":0,"banTem":0},"628973991368@s.whatsapp.net":{"banned":false,"banTemp":false,"premium":false,"expired":0,"limit":50,"point":0,"hit":0,"lastclaim":0,"lastseen":1632652254867,"usebot":0,"spam":0,"warning":0,"banTem":0},"6282111067423@s.whatsapp.net":{"banned":false,"banTemp":false,"premium":false,"expired":0,"limit":50,"point":0,"hit":0,"lastclaim":0,"lastseen":1632654267905,"usebot":0,"spam":0,"warning":0,"banTem":0},"6285705084561@s.whatsapp.net":{"banned":false,"banTemp":false,"premium":false,"expired":0,"limit":50,"point":0,"hit":0,"lastclaim":0,"lastseen":1632656321514,"usebot":0,"spam":0,"warning":0,"banTem":0},"6281212248830@s.whatsapp.net":{"banned":false,"banTemp":false,"premium":false,"expired":0,"limit":50,"point":0,"hit":0,"lastclaim":0,"lastseen":1632652791101,"usebot":0,"spam":0,"warning":0,"banTem":0},"6285652414016@s.whatsapp.net":{"banned":false,"banTemp":false,"premium":false,"expired":0,"limit":50,"point":0,"hit":0,"lastclaim":0,"lastseen":1632653072273,"usebot":0,"spam":0,"warning":0,"banTem":0},"6283846179191@s.whatsapp.net":{"banned":false,"banTemp":false,"premium":false,"expired":0,"limit":50,"point":0,"hit":0,"lastclaim":0,"lastseen":1632653015186,"usebot":0,"spam":0,"warning":0,"banTem":0},"6281244557313@s.whatsapp.net":{"banned":false,"banTemp":false,"premium":false,"expired":0,"limit":50,"point":0,"hit":0,"lastclaim":0,"lastseen":1632656821120,"usebot":0,"spam":0,"warning":0,"banTem":0},"13172803449@s.whatsapp.net":{"banned":false,"banTemp":false,"premium":false,"expired":0,"limit":50,"point":0,"hit":0,"lastclaim":0,"lastseen":1632655729609,"usebot":0,"spam":0,"warning":0},"6283879368211@s.whatsapp.net":{"banned":false,"banTemp":false,"premium":false,"expired":0,"limit":50,"point":0,"hit":0,"lastclaim":0,"lastseen":1632655570322,"usebot":0,"spam":0,"warning":0,"banTem":0},"601121664921@s.whatsapp.net":{"banned":false,"banTemp":false,"premium":false,"expired":0,"limit":50,"point":0,"hit":0,"lastclaim":0,"lastseen":1632657344794,"usebot":0,"spam":0,"warning":0,"banTem":0},"62895322411679@s.whatsapp.net":{"banned":false,"banTemp":false,"premium":false,"expired":0,"limit":50,"point":0,"hit":0,"lastclaim":0,"lastseen":1632655558219,"usebot":0,"spam":0,"warning":0,"banTem":0},"6289656243038@s.whatsapp.net":{"banned":false,"banTemp":false,"premium":false,"expired":0,"limit":50,"point":0,"hit":2,"lastclaim":0,"lastseen":1632653009654,"usebot":1632653009654,"spam":0,"warning":0,"banTem":0},"60199004310@s.whatsapp.net":{"banned":false,"banTemp":false,"premium":false,"expired":0,"limit":50,"point":0,"hit":0,"lastclaim":0,"lastseen":1632653037040,"usebot":0,"spam":0,"warning":0,"banTem":0},"60102501321@s.whatsapp.net":{"banned":false,"banTemp":false,"premium":false,"expired":0,"limit":50,"point":0,"hit":0,"lastclaim":0,"lastseen":1632653432922,"usebot":0,"spam":0,"warning":0,"banTem":0},"6281281524356@s.whatsapp.net":{"banned":false,"banTemp":false,"premium":false,"expired":0,"limit":50,"point":0,"hit":0,"lastclaim":0,"lastseen":1632653190139,"usebot":0,"spam":0,"warning":0,"banTem":0},"6287832147584@s.whatsapp.net":{"banned":false,"banTemp":false,"premium":false,"expired":0,"limit":50,"point":0,"hit":3,"lastclaim":0,"lastseen":1632655930583,"usebot":1632653468386,"spam":0,"warning":0,"banTem":0},"60147093887@s.whatsapp.net":{"banned":false,"banTemp":false,"premium":false,"expired":0,"limit":50,"point":0,"hit":0,"lastclaim":0,"lastseen":1632656130145,"usebot":0,"spam":0,"warning":0,"banTem":0},"6281257314181@s.whatsapp.net":{"banned":false,"banTemp":false,"premium":false,"expired":0,"limit":49,"point":0,"hit":1,"lastclaim":0,"lastseen":1632653420558,"usebot":1632653398333,"spam":0,"warning":0,"banTem":0},"62895414533737@s.whatsapp.net":{"banned":false,"banTemp":false,"premium":false,"expired":0,"limit":50,"point":0,"hit":0,"lastclaim":0,"lastseen":1632656356530,"usebot":0,"spam":0,"warning":0,"banTem":0},"6288214743329@s.whatsapp.net":{"banned":false,"banTemp":false,"premium":false,"expired":0,"limit":49,"point":0,"hit":1,"lastclaim":0,"lastseen":1632653459798,"usebot":1632653459798,"spam":0,"warning":0,"banTem":0},"6288220690352@s.whatsapp.net":{"banned":false,"banTemp":false,"premium":false,"expired":0,"limit":50,"point":0,"hit":0,"lastclaim":0,"lastseen":1632653489708,"usebot":0,"spam":0,"warning":0,"banTem":0},"6285872304688@s.whatsapp.net":{"banned":false,"banTemp":false,"premium":false,"expired":0,"limit":50,"point":0,"hit":0,"lastclaim":0,"lastseen":1632654020663,"usebot":0,"spam":0,"warning":0,"banTem":0},"60184618737@s.whatsapp.net":{"banned":false,"banTemp":false,"premium":false,"expired":0,"limit":50,"point":0,"hit":0,"lastclaim":0,"lastseen":1632658355484,"usebot":0,"spam":0,"warning":0,"banTem":0},"6281318664469@s.whatsapp.net":{"banned":false,"banTemp":false,"premium":false,"expired":0,"limit":50,"point":0,"hit":1,"lastclaim":0,"lastseen":1632654377244,"usebot":1632654377244,"spam":0,"warning":0,"banTem":0},"60194949691@s.whatsapp.net":{"banned":false,"banTemp":false,"premium":false,"expired":0,"limit":50,"point":0,"hit":0,"lastclaim":0,"lastseen":1632656342326,"usebot":0,"spam":0,"warning":0,"banTem":0},"6281545771514@s.whatsapp.net":{"banned":false,"banTemp":false,"premium":false,"expired":0,"limit":50,"point":0,"hit":0,"lastclaim":0,"lastseen":1632658839424,"usebot":0,"spam":0,"warning":0,"banTem":0},"6281214165112@s.whatsapp.net":{"banned":false,"banTemp":false,"premium":false,"expired":0,"limit":50,"point":0,"hit":0,"lastclaim":0,"lastseen":1632654750433,"usebot":0,"spam":0,"warning":0,"banTem":0},"6289513628108@s.whatsapp.net":{"banned":false,"banTemp":false,"premium":false,"expired":0,"limit":50,"point":0,"hit":1,"lastclaim":0,"lastseen":1632654751149,"usebot":1632654719843,"spam":0,"warning":0,"banTem":0},"6281336760508@s.whatsapp.net":{"banned":false,"banTemp":false,"premium":false,"expired":0,"limit":50,"point":0,"hit":5,"lastclaim":0,"lastseen":1632654804993,"usebot":1632654804993,"spam":0,"warning":0,"banTem":0},"6285879466965@s.whatsapp.net":{"banned":false,"banTemp":false,"premium":false,"expired":0,"limit":50,"point":0,"hit":0,"lastclaim":0,"lastseen":1632654838917,"usebot":0,"spam":0,"warning":0,"banTem":0},"60199782326@s.whatsapp.net":{"banned":false,"banTemp":false,"premium":false,"expired":0,"limit":50,"point":0,"hit":0,"lastclaim":0,"lastseen":1632657818311,"usebot":0,"spam":0,"warning":0,"banTem":0},"628561919566@s.whatsapp.net":{"banned":false,"banTemp":false,"premium":false,"expired":0,"limit":50,"point":0,"hit":0,"lastclaim":0,"lastseen":1632654782515,"usebot":0,"spam":0,"warning":0,"banTem":0},"62895338177722@s.whatsapp.net":{"banned":false,"banTemp":false,"premium":false,"expired":0,"limit":49,"point":0,"hit":6,"lastclaim":0,"lastseen":1632657085873,"usebot":1632656990133,"spam":0,"warning":0,"banTem":0},"601117576197@s.whatsapp.net":{"banned":false,"banTemp":false,"premium":false,"expired":0,"limit":50,"point":0,"hit":0,"lastclaim":0,"lastseen":1632658887029,"usebot":0,"spam":0,"warning":0,"banTem":0},"628815957105@s.whatsapp.net":{"banned":false,"banTemp":false,"premium":false,"expired":0,"limit":50,"point":0,"hit":1,"lastclaim":0,"lastseen":1632658576883,"usebot":1632658473762,"spam":0,"warning":0,"banTem":0},"6285716244363@s.whatsapp.net":{"banned":false,"banTemp":false,"premium":false,"expired":0,"limit":50,"point":0,"hit":0,"lastclaim":0,"lastseen":1632655593563,"usebot":0,"spam":0,"warning":0,"banTem":0},"60149531006@s.whatsapp.net":{"banned":false,"banTemp":false,"premium":false,"expired":0,"limit":50,"point":0,"hit":0,"lastclaim":0,"lastseen":1632655406899,"usebot":0,"spam":0,"warning":0,"banTem":0},"6283137246770@s.whatsapp.net":{"banned":false,"banTemp":false,"premium":false,"expired":0,"limit":50,"point":0,"hit":0,"lastclaim":0,"lastseen":1632655721433,"usebot":0,"spam":0,"warning":0,"banTem":0},"6285810841577@s.whatsapp.net":{"banned":false,"banTemp":false,"premium":false,"expired":0,"limit":50,"point":0,"hit":0,"lastclaim":0,"lastseen":1632656758124,"usebot":0,"spam":0,"warning":0,"banTem":0},"6287754607291@s.whatsapp.net":{"banned":false,"banTemp":false,"premium":false,"expired":0,"limit":49,"point":0,"hit":1,"lastclaim":0,"lastseen":1632655698740,"usebot":1632655698740,"spam":0,"warning":0,"banTem":0},"6281287231458@s.whatsapp.net":{"banned":false,"banTemp":false,"premium":false,"expired":0,"limit":50,"point":0,"hit":2,"lastclaim":0,"lastseen":1632658654900,"usebot":1632658625752,"spam":0,"warning":0,"banTem":0},"6282172731457@s.whatsapp.net":{"banned":false,"banTemp":false,"premium":false,"expired":0,"limit":50,"point":0,"hit":0,"lastclaim":0,"lastseen":0,"usebot":0,"spam":0,"warning":0},"6281532321525@s.whatsapp.net":{"banned":false,"banTemp":false,"premium":false,"expired":0,"limit":50,"point":0,"hit":0,"lastclaim":0,"lastseen":1632658857263,"usebot":0,"spam":0,"warning":0,"banTem":0},"6285788182272@s.whatsapp.net":{"banned":false,"banTemp":false,"premium":false,"expired":0,"limit":50,"point":0,"hit":0,"lastclaim":0,"lastseen":1632657885149,"usebot":0,"spam":0,"warning":0,"banTem":0},"6282331218665@s.whatsapp.net":{"banned":false,"banTemp":false,"premium":false,"expired":0,"limit":50,"point":0,"hit":1,"lastclaim":0,"lastseen":1632657879955,"usebot":1632657879955,"spam":0,"warning":0,"banTem":0},"6283173902723@s.whatsapp.net":{"banned":false,"banTemp":false,"premium":false,"expired":0,"limit":50,"point":0,"hit":2,"lastclaim":0,"lastseen":1632656991408,"usebot":1632656991408,"spam":0,"warning":0,"banTem":0},"60184062765@s.whatsapp.net":{"banned":false,"banTemp":false,"premium":false,"expired":0,"limit":50,"point":0,"hit":0,"lastclaim":0,"lastseen":1632656526137,"usebot":0,"spam":0,"warning":0,"banTem":0},"6287806480249@s.whatsapp.net":{"banned":false,"banTemp":false,"premium":false,"expired":0,"limit":50,"point":0,"hit":0,"lastclaim":0,"lastseen":1632656586771,"usebot":0,"spam":0,"warning":0,"banTem":0},"60199911088@s.whatsapp.net":{"banned":false,"banTemp":false,"premium":false,"expired":0,"limit":50,"point":0,"hit":0,"lastclaim":0,"lastseen":1632656642539,"usebot":0,"spam":0,"warning":0,"banTem":0},"6283896352427@s.whatsapp.net":{"banned":false,"banTemp":false,"premium":false,"expired":0,"limit":50,"point":0,"hit":0,"lastclaim":0,"lastseen":1632656921923,"usebot":0,"spam":0,"warning":0,"banTem":0},"60198419832@s.whatsapp.net":{"banned":false,"banTemp":false,"premium":false,"expired":0,"limit":50,"point":0,"hit":1,"lastclaim":0,"lastseen":1632657074431,"usebot":1632657074431,"spam":0,"warning":0,"banTem":0},"6283169294070@s.whatsapp.net":{"banned":false,"banTemp":false,"premium":false,"expired":0,"limit":50,"point":0,"hit":4,"lastclaim":0,"lastseen":1632657237096,"usebot":1632657237096,"spam":0,"warning":0,"banTem":0},"6282147186046@s.whatsapp.net":{"banned":false,"banTemp":false,"premium":false,"expired":0,"limit":50,"point":0,"hit":0,"lastclaim":0,"lastseen":1632657098704,"usebot":0,"spam":0,"warning":0,"banTem":0},"6289529428230@s.whatsapp.net":{"banned":false,"banTemp":false,"premium":false,"expired":0,"limit":50,"point":0,"hit":0,"lastclaim":0,"lastseen":1632657315462,"usebot":0,"spam":0,"warning":0,"banTem":0},"6285795290233@s.whatsapp.net":{"banned":false,"banTemp":false,"premium":false,"expired":0,"limit":50,"point":0,"hit":12,"lastclaim":0,"lastseen":1632658256641,"usebot":1632658256641,"spam":0,"warning":0,"banTem":0},"6289530705038@s.whatsapp.net":{"banned":false,"banTemp":false,"premium":false,"expired":0,"limit":50,"point":0,"hit":2,"lastclaim":0,"lastseen":1632658655220,"usebot":1632658655220,"spam":0,"warning":0,"banTem":0},"6285713770474@s.whatsapp.net":{"banned":false,"banTemp":false,"premium":false,"expired":0,"limit":50,"point":0,"hit":4,"lastclaim":0,"lastseen":1632658846776,"usebot":1632658621326,"spam":0,"warning":0,"banTem":0},"6281517707088@s.whatsapp.net":{"banned":false,"banTemp":false,"premium":false,"expired":0,"limit":50,"point":0,"hit":1,"lastclaim":0,"lastseen":1632658858667,"usebot":1632657434950,"spam":0,"warning":0,"banTem":0},"60194278068@s.whatsapp.net":{"banned":false,"banTemp":false,"premium":false,"expired":0,"limit":50,"point":0,"hit":0,"lastclaim":0,"lastseen":1632657491495,"usebot":0,"spam":0,"warning":0,"banTem":0},"6289627789674@s.whatsapp.net":{"banned":false,"banTemp":false,"premium":false,"expired":0,"limit":50,"point":0,"hit":7,"lastclaim":0,"lastseen":1632658258635,"usebot":1632658002211,"spam":0,"warning":0,"banTem":0},"6282157354855@s.whatsapp.net":{"banned":false,"banTemp":false,"premium":false,"expired":0,"limit":50,"point":0,"hit":1,"lastclaim":0,"lastseen":1632657866940,"usebot":1632657866940,"spam":0,"warning":0,"banTem":0},"60175314953@s.whatsapp.net":{"banned":false,"banTemp":false,"premium":false,"expired":0,"limit":50,"point":0,"hit":0,"lastclaim":0,"lastseen":1632658742758,"usebot":0,"spam":0,"warning":0,"banTem":0},"6289531470377@s.whatsapp.net":{"banned":false,"banTemp":false,"premium":false,"expired":0,"limit":50,"point":0,"hit":0,"lastclaim":0,"lastseen":1632658687028,"usebot":0,"spam":0,"warning":0,"banTem":0},"62887435461499@s.whatsapp.net":{"banned":false,"banTemp":false,"premium":false,"expired":0,"limit":50,"point":0,"hit":1,"lastclaim":0,"lastseen":1632657844493,"usebot":1632657844493,"spam":0,"warning":0,"banTem":0},"6281310739747@s.whatsapp.net":{"banned":false,"banTemp":false,"premium":false,"expired":0,"limit":50,"point":0,"hit":0,"lastclaim":0,"lastseen":1632658244624,"usebot":0,"spam":0,"warning":0,"banTem":0},"6288270966052@s.whatsapp.net":{"banned":false,"banTemp":false,"premium":false,"expired":0,"limit":50,"point":0,"hit":0,"lastclaim":0,"lastseen":1632657937389,"usebot":0,"spam":0,"warning":0,"banTem":0},"601164016219@s.whatsapp.net":{"banned":false,"banTemp":false,"premium":false,"expired":0,"limit":50,"point":0,"hit":0,"lastclaim":0,"lastseen":1632658725928,"usebot":0,"spam":0,"warning":0,"banTem":0},"6283827712527@s.whatsapp.net":{"banned":false,"banTemp":false,"premium":false,"expired":0,"limit":50,"point":0,"hit":5,"lastclaim":0,"lastseen":1632658809567,"usebot":1632658794405,"spam":0,"warning":0,"banTem":0},"6287819235520@s.whatsapp.net":{"banned":false,"banTemp":false,"premium":false,"expired":0,"limit":50,"point":0,"hit":4,"lastclaim":0,"lastseen":1632658848499,"usebot":1632658759949,"spam":0,"warning":0,"banTem":0},"601124199187@s.whatsapp.net":{"banned":false,"banTemp":false,"premium":false,"expired":0,"limit":50,"point":0,"hit":0,"lastclaim":0,"lastseen":1632658506807,"usebot":0,"spam":0,"warning":0,"banTem":0},"60192345264@s.whatsapp.net":{"banned":false,"banTemp":false,"premium":false,"expired":0,"limit":50,"point":0,"hit":0,"lastclaim":0,"lastseen":1632658888392,"usebot":0,"spam":0,"warning":0,"banTem":0},"6285264493812@s.whatsapp.net":{"banned":false,"banTemp":false,"premium":false,"expired":0,"limit":50,"point":0,"hit":0,"lastclaim":0,"lastseen":1632658839963,"usebot":0,"spam":0,"warning":0,"banTem":0},"994402223464@s.whatsapp.net":{"banned":false,"banTemp":false,"premium":false,"expired":0,"limit":50,"point":0,"hit":2,"lastclaim":0,"lastseen":1632658853649,"usebot":1632658853649,"spam":0,"warning":0,"banTem":0},"60165338582@s.whatsapp.net":{"banned":false,"banTemp":false,"premium":false,"expired":0,"limit":50,"point":0,"hit":0,"lastclaim":0,"lastseen":1632658884559,"usebot":0,"spam":0,"warning":0,"banTem":0}},"groups":{"393480072813-1411921778@g.us":{"banned":false,"mute":false,"game":false,"welcome":false,"textwel":"","left":false,"textleft":"","notify":false,"spamProtect":false,"localonly":false,"nodelete":true,"nobadword":false,"nolink":false,"novirtex":false,"expired":0,"stay":false},"6281517707088-1631586989@g.us":{"banned":false,"mute":false,"game":false,"welcome":false,"textwel":"","left":false,"textleft":"","notify":false,"spamProtect":false,"localonly":false,"nodelete":true,"nobadword":false,"nolink":false,"novirtex":false,"expired":0,"stay":false},"6281392882698-1630570008@g.us":{"banned":false,"mute":false,"game":false,"welcome":false,"textwel":"","left":false,"textleft":"","notify":false,"spamProtect":false,"localonly":false,"nodelete":true,"nobadword":false,"nolink":false,"novirtex":false,"expired":0,"stay":false},"6281517707088-1629212552@g.us":{"banned":false,"mute":false,"game":false,"welcome":false,"textwel":"","left":false,"textleft":"","notify":false,"spamProtect":false,"localonly":false,"nodelete":true,"nobadword":false,"nolink":false,"novirtex":false,"expired":0,"stay":false},"6285649253718-1599834845@g.us":{"banned":false,"mute":false,"game":false,"welcome":false,"textwel":"","left":false,"textleft":"","notify":false,"spamProtect":false,"localonly":false,"nodelete":true,"nobadword":false,"nolink":false,"novirtex":false,"expired":0,"stay":false},"60177520343-1611588248@g.us":{"banned":false,"mute":false,"game":false,"welcome":false,"textwel":"","left":false,"textleft":"","notify":false,"spamProtect":false,"localonly":false,"nodelete":true,"nobadword":false,"nolink":false,"novirtex":false,"expired":0,"stay":false},"60134885453-1419407964@g.us":{"banned":false,"mute":false,"game":false,"welcome":false,"textwel":"","left":false,"textleft":"","notify":false,"spamProtect":false,"localonly":false,"nodelete":true,"nobadword":false,"nolink":true,"novirtex":false,"expired":0,"stay":false},"6289503740700-1612701153@g.us":{"banned":false,"mute":false,"game":false,"welcome":false,"textwel":"","left":false,"textleft":"","notify":false,"spamProtect":false,"localonly":false,"nodelete":true,"nobadword":false,"nolink":false,"novirtex":false,"expired":0,"stay":false}},"chats":{"393480072813-1411921778@g.us":{"command":1632658794405,"chat":287,"lastseen":1632658846776},"6281517707088-1631586989@g.us":{"command":1632658759949,"chat":523,"lastseen":1632658858667},"6281392882698-1630570008@g.us":{"command":1632651902392,"chat":77,"lastseen":1632656586771},"6281517707088-1629212552@g.us":{"command":0,"chat":18,"lastseen":1632657937389},"6285649253718-1599834845@g.us":{"command":1632658716522,"chat":83,"lastseen":1632658717841},"60177520343-1611588248@g.us":{"command":0,"chat":174,"lastseen":1632658901094},"status@broadcast":{"command":0,"chat":0,"lastseen":0},"60134885453-1419407964@g.us":{"command":1632650880006,"chat":10,"lastseen":1632657450697},"6289503740700-1612701153@g.us":{"command":1632657063194,"chat":75,"lastseen":1632657098704},"6283194796562@s.whatsapp.net":{"command":1632654457374,"chat":10,"lastseen":1632654458686},"62895338177722@s.whatsapp.net":{"command":1632656985469,"chat":15,"lastseen":1632657085873},"6283173902723@s.whatsapp.net":{"command":1632656991408,"chat":5,"lastseen":1632656992359},"6283169294070@s.whatsapp.net":{"command":1632657237096,"chat":8,"lastseen":1632657237501},"6283853152230@s.whatsapp.net":{"command":1632658688333,"chat":2,"lastseen":1632658688945},"994402223464@s.whatsapp.net":{"command":1632658853649,"chat":6,"lastseen":1632658854477}},"sticker":{},"client":{},"setting":{"autoread":false,"autoclear":false,"autobackup":false,"backupTime":36000,"groupOnly":false,"simsimi":false,"public":true,"games":true,"errorCmd":[],"toxic":["ajg","ajig","anjas","anjg","anjim","anjing","anjrot","anying","asw","autis","babi","bacod","bacot","bagong","bajingan","bangsad","bangsat","bastard","bego","bgsd","biadab","biadap","bitch","bngst","bodoh","bokep","cocote","coli","colmek","comli","dajjal","dancok","dongo","fuck","gelay","goblog","goblok","guoblog","guoblok","hairul","henceut","idiot","itil","jamet","jancok","jembut","jingan","kafir","kanjut","kanyut","keparat","kntl","kontol","lana","loli","lont","lonte","mancing","meki","memek","ngentod","ngentot","ngewe","ngocok","ngtd","njeng","njing","njinx","oppai","pantek","pantek","peler","pepek","pilat","pler","pornhub","pucek","puki","pukimak","redhub","sange","setan","silit","telaso","tempek","tete","titit","toket","tolol","tomlol","tytyd","wildan","xnxx"],"sk_pack":"Sticker","sk_author":"@neoxrs","multiprefix":true,"prefix":[".","#","!","/"],"onlyprefix":"+","owner":"6283853152230","owners":["6283853152230"],"cover":"https://telegra.ph/file/a5d92b1f63b9af6624d82.jpg","header":"JUST FOR FUN","msg":"I am a simple Whatsapp BOT with minimalistic features, you can use all the features for free.","footer":"*ᴡʜᴀᴛꜱᴀᴘᴘ ᴀᴜᴛᴏᴍᴀᴛɪᴏɴ ᴍᴀᴅᴇ ʙʏ ʀᴇsᴛᴀ ッ*"}}